id;q_t;demand_by;demand_date;status;validate;name_id
1;32359;ronron;2024-08-11T03:24:45;IN_PROGRESS;false;1
2;9056;marron quand magenta;2024-08-11T04:20:00;APPROVED;true;2
3;31326;désagréable membre titulaire;2024-08-11T16:05:24;REJECTED;true;3
4;21903;loufoque à moins de pour;2024-08-11T16:41:48;IN_PROGRESS;true;4
5;13015;contenir;2024-08-11T01:26:23;REJECTED;true;5
6;22257;oh lorsque;2024-08-11T19:32:10;APPROVED;true;6
7;9633;vaste rectorat depuis;2024-08-11T14:18:01;IN_PROGRESS;true;7
8;6071;concernant derrière;2024-08-11T09:57:17;APPROVED;true;8
9;8571;sans doute;2024-08-11T07:49:34;APPROVED;false;9
10;80;juriste au-dessous de;2024-08-11T12:06:23;REJECTED;false;10
